Team #,Region,Age
1,FIM,22
4,California,22
8,California,23
11,MAR,22
16,Arkansas,23
20,New York,27
21,Florida,21
23,NE,24
25,MAR,22
27,FIM,22
28,New York,23
31,Oklahoma,22
33,FIM,23
34,Alabama,22
41,MAR,22
45,IN,27
48,Ohio,21
51,FIM,23
56,MAR,22
58,NE,23
59,Florida,22
60,Arizona,22
61,NE,24
63,Pennsylvania,22
66,FIM,21
67,FIM,22
68,FIM,21
69,NE,21
70,FIM,21
71,IN,23
74,FIM,24
75,MAR,23
78,NE,23
79,Florida,21
81,Illinois,25
85,FIM,23
86,Florida,21
87,MAR,22
88,NE,23
93,Wisconsin,22
94,FIM,21
95,NE,22
97,NE,23
100,California,24
101,Illinois,22
102,MAR,21
103,MAR,22
107,FIM,22
108,Florida,24
111,Illinois,23
114,California,22
115,California,21
116,CHS,23
117,Pennsylvania,21
118,Texas,22
120,Ohio,24
121,NE,23
122,CHS,22
123,FIM,22
125,NE,21
126,NE,27
128,Ohio,22
131,NE,27
133,NE,22
135,IN,21
136,MAR,22
138,NE,23
141,FIM,24
144,Ohio,25
145,New York,22
148,Texas,27
151,NE,27
155,NE,25
156,Pennsylvania,22
157,NE,27
159,Colorado,21
166,NE,24
167,Iowa,21
171,Wisconsin,24
172,NE,23
173,NE,24
174,New York,21
175,NE,23
176,NE,23
177,NE,24
178,NE,22
179,Florida,21
180,Florida,21
181,NE,21
188,ONT,21
190,NE,27
191,New York,27
192,California,22
193,MAR,22
195,NE,21
199,California,21
201,FIM,21
203,MAR,21
204,MAR,21
207,California,20
213,NE,20
216,FIM,20
217,FIM,20
219,MAR,20
222,MAR,20
223,MAR,20
224,MAR,20
225,MAR,20
226,FIM,20
228,NE,20
229,New York,20
230,NE,20
231,Texas,21
233,Florida,20
234,IN,20
236,NE,20
237,NE,20
238,NE,20
240,FIM,20
244,FIM,20
245,FIM,20
246,NE,20
247,FIM,20
250,New York,20
253,California,20
254,California,20
256,California,20
263,New York,20
269,Wisconsin,20
271,New York,20
272,MAR,21
279,Ohio,20
280,FIM,20
281,South Carolina,20
283,South Carolina,20
287,New York,20
288,FIM,20
291,Pennsylvania,20
292,IN,20
293,MAR,20
294,California,20
295,California,20
296,Canada,20
299,California,21
302,FIM,20
303,MAR,20
308,FIM,20
313,FIM,20
314,FIM,20
316,MAR,20
319,NE,20
321,MAR,20
322,FIM,20
323,Arkansas,23
329,New York,20
330,California,20
333,New York,20
334,New York,20
335,New York,20
337,West Virginia,19
339,CHS,19
340,New York,19
341,MAR,19
342,South Carolina,19
343,South Carolina,19
346,CHS,19
348,NE,19
352,New York,19
353,New York,19
354,New York,19
358,New York,19
359,Hawaii,19
360,PNW,19
364,Mississippi,19
365,MAR,19
368,Hawaii,19
369,New York,19
371,New York,19
378,New York,19
379,Ohio,19
383,Brazil,19
384,CHS,19
386,Florida,19
395,New York,19
399,California,19
401,CHS,19
418,Texas,19
422,CHS,19
423,MAR,19
433,MAR,19
435,NC,19
441,Texas,19
442,Alabama,19
447,IN,19
449,CHS,19
451,Ohio,19
453,FIM,19
456,Mississippi,19
457,Texas,19
461,IN,19
467,NE,19
468,FIM,19
469,FIM,19
470,FIM,19
484,MAR,19
486,MAR,19
488,PNW,19
492,PNW,18
494,FIM,18
496,New York,18
498,Arizona,18
501,NE,18
503,FIM,18
509,NE,18
514,New York,18
522,New York,18
525,Iowa,18
527,New York,18
533,New York,18
537,Wisconsin,18
538,Alabama,18
539,CHS,18
540,CHS,18
545,New York,18
547,Tennessee,18
548,FIM,18
554,Kentucky,18
555,MAR,18
558,NE,18
564,New York,18
568,PNW,18
569,New York,18
571,NE,18
573,FIM,18
578,New York,18
580,California,18
581,California,18
585,California,18
587,NC,18
589,California,18
590,Mississippi,18
597,California,18
599,California,18
601,New York,18
604,California,18
606,California,18
610,ONT,18
611,CHS,18
612,CHS,18
614,CHS,18
617,CHS,18
619,CHS,18
620,CHS,18
623,CHS,18
624,Texas,18
639,New York,18
640,New York,18
647,Texas,18
648,Iowa,18
649,California,18
653,Texas,18
662,Colorado,18
663,NE,18
668,California,18
670,California,18
677,Ohio,18
686,CHS,18
687,California,18
691,California,18
692,California,18
694,New York,18
695,Ohio,18
696,California,18
698,Arizona,18
701,California,18
702,California,18
703,FIM,18
706,Wisconsin,18
708,MAR,18
709,MAR,18
714,MAR,18
716,NE,18
743,New York,17
744,Florida,17
746,ONT,17
747,MAR,17
751,California,17
753,PNW,17
766,California,17
771,ONT,17
772,ONT,17
773,ONT,17
781,ONT,17
801,Florida,17
806,New York,17
810,New York,17
811,NE,17
812,California,17
815,FIM,17
816,MAR,17
818,FIM,17
829,IN,17
830,FIM,17
832,PCH,17
834,MAR,17
835,FIM,17
836,CHS,17
839,NE,17
841,California,17
842,Arizona,17
846,California,17
847,PNW,17
848,California,17
852,California,17
854,ONT,17
857,FIM,17
858,FIM,17
862,FIM,17
865,ONT,17
867,California,17
868,IN,17
870,New York,17
871,New York,17
876,North Dakota,17
877,North Dakota,17
884,New York,17
885,NE,17
888,CHS,17
894,FIM,17
900,NC,17
904,FIM,17
907,ONT,17
910,FIM,17
919,ONT,17
930,Wisconsin,17
931,Missouri,17
932,Oklahoma,17
935,Kansas,17
937,Kansas,17
938,Kansas,17
945,Florida,17
948,PNW,17
949,PNW,17
955,PNW,17
957,PNW,17
967,Iowa,17
968,California,17
971,California,17
972,California,17
973,California,17
977,CHS,17
980,California,17
981,California,17
987,Nevada,17
988,Nevada,17
991,Arizona,17
996,Arizona,17
997,PNW,17
999,NE,17
1002,PCH,16
1011,Arizona,16
1014,Ohio,16
1018,IN,16
1023,FIM,16
1024,IN,16
1025,FIM,16
1027,NE,16
1038,Ohio,16
1051,South Carolina,16
1058,NE,16
1065,Florida,16
1071,NE,16
1072,California,16
1073,NE,16
1075,ONT,16
1076,FIM,16
1080,CHS,16
1085,NE,16
1086,CHS,16
1089,MAR,16
1091,Wisconsin,16
1094,Missouri,16
1099,NE,16
1100,NE,16
1102,PCH,16
1108,Kansas,16
1111,CHS,16
1114,ONT,16
1123,CHS,16
1124,NE,16
1126,New York,16
1137,CHS,16
1138,California,16
1143,MAR,16
1153,NE,16
1155,New York,16
1156,Brazil,16
1157,Colorado,16
1159,California,16
1160,California,16
1164,New Mexico,16
1165,Arizona,16
1168,MAR,16
1178,Missouri,16
1188,FIM,16
1189,FIM,16
1197,California,16
1208,Illinois,16
1209,Oklahoma,16
1212,Arizona,16
1218,MAR,16
1225,NC,16
1228,MAR,16
1230,New York,16
1241,ONT,15
1243,FIM,15
1245,Colorado,15
1246,ONT,15
1247,NE,15
1248,Ohio,15
1250,FIM,15
1251,Florida,15
1254,FIM,15
1255,Texas,15
1257,MAR,15
1258,PNW,15
1259,Wisconsin,15
1261,PCH,15
1262,CHS,15
1266,California,15
1277,NE,15
1279,MAR,15
1280,California,15
1285,ONT,15
1287,South Carolina,15
1288,Missouri,15
1289,NE,15
1290,Arizona,15
1293,South Carolina,15
1294,PNW,15
1296,Texas,15
1303,Wyoming,15
1305,ONT,15
1306,Wisconsin,15
1307,NE,15
1308,Ohio,15
1310,ONT,15
1311,PCH,15
1317,Ohio,15
1318,PNW,15
1319,South Carolina,15
1322,FIM,15
1323,California,15
1325,ONT,15
1329,Missouri,15
1332,Colorado,15
1334,ONT,15
1339,Colorado,15
1350,NE,15
1351,California,15
1359,PNW,15
1360,ONT,15
1369,Florida,15
1370,MAR,15
1374,ONT,15
1378,Hawaii,15
1382,Brazil,15
1388,California,15
1389,CHS,15
1391,MAR,15
1398,South Carolina,15
1403,MAR,15
1405,New York,15
1410,Colorado,15
1413,CHS,15
1414,PCH,15
1418,CHS,15
1421,Mississippi,15
1422,California,15
1425,PNW,15
1432,PNW,15
1444,Missouri,15
1446,CHS,15
1448,Kansas,15
1450,New York,15
1452,California,15
1458,California,15
1466,Tennessee,15
1468,New York,15
1474,NE,15
1477,Texas,15
1481,FIM,15
1482,Canada,15
1492,Arizona,15
1493,New York,15
1495,MAR,15
1501,IN,14
1502,FIM,14
1504,FIM,14
1506,FIM,14
1507,New York,14
1510,PNW,14
1511,New York,14
1512,NE,14
1515,California,14
1517,NE,14
1518,New York,14
1519,NE,14
1522,CHS,14
1523,Florida,14
1528,FIM,14
1529,IN,14
1533,NC,14
1538,California,14
1539,South Carolina,14
1540,PNW,14
1546,New York,14
1551,New York,14
1553,South Carolina,14
1554,New York,14
1555,IN,14
1557,Florida,14
1559,New York,14
1561,Oklahoma,14
1566,Idaho,14
1569,Idaho,14
1571,PNW,14
1572,California,14
1573,ISR,14
1574,ISR,14
1576,ISR,14
1577,ISR,14
1580,ISR,14
1583,Colorado,14
1584,Colorado,14
1585,New York,14
1590,Ohio,14
1591,New York,14
1592,Florida,14
1595,PNW,14
1596,FIM,14
1598,CHS,14
1599,CHS,14
1600,New York,14
1601,New York,14
1610,CHS,14
1619,Colorado,14
1622,California,14
1625,Illinois,14
1626,MAR,14
1629,CHS,14
1633,Arizona,14
1635,New York,14
1640,MAR,14
1642,Texas,14
1646,IN,14
1647,MAR,14
1648,PCH,14
1649,Florida,14
1657,ISR,14
1658,Missouri,14
1660,New York,14
1661,California,14
1662,California,14
1665,New York,14
1671,California,14
1672,MAR,14
1675,Wisconsin,14
1676,MAR,14
1677,FIM,14
1678,California,14
1683,PCH,14
1684,FIM,14
1690,ISR,14
1699,NE,14
1700,California,14
1701,FIM,14
1706,Missouri,14
1708,Pennsylvania,14
1710,Kansas,13
1711,FIM,13
1712,MAR,13
1714,Wisconsin,13
1716,Wisconsin,13
1718,FIM,13
1719,CHS,13
1720,IN,13
1721,NE,13
1723,Missouri,13
1726,Arizona,13
1727,CHS,13
1729,NE,13
1730,Missouri,13
1731,CHS,13
1732,Wisconsin,13
1735,NE,13
1736,Illinois,13
1737,Missouri,13
1739,Illinois,13
1740,NE,13
1741,IN,13
1743,Pennsylvania,13
1744,Florida,13
1745,Texas,13
1746,PCH,13
1747,IN,13
1750,Oklahoma,13
1751,New York,13
1756,Illinois,13
1757,NE,13
1758,South Carolina,13
1759,California,13
1761,NE,13
1763,Missouri,13
1764,Missouri,13
1768,NE,13
1769,Kansas,13
1771,PCH,13
1772,Brazil,13
1775,Missouri,13
1777,Kansas,13
1778,PNW,13
1781,Illinois,13
1785,Missouri,13
1786,NE,13
1787,Ohio,13
1791,MAR,13
1792,Wisconsin,13
1793,CHS,13
1795,PCH,13
1796,New York,13
1797,United Kingdom,13
1799,Colorado,13
1802,Kansas,13
1803,New York,13
1806,Missouri,13
1807,MAR,13
1810,Kansas,13
1811,MAR,13
1816,Minnesota,13
1817,Texas,13
1818,Louisiana,13
1825,Missouri,13
1827,Missouri,13
1828,Arizona,13
1831,NE,13
1836,California,13
1847,Kansas,13
1860,Brazil,13
1868,California,13
1872,Puerto Rico,13
1876,South Carolina,13
1880,New York,13
1884,United Kingdom,13
1885,CHS,13
1891,Idaho,13
1895,CHS,13
1896,FIM,13
1899,PNW,13
1902,Florida,13
1908,CHS,13
1912,Louisiana,13
1915,CHS,13
1918,FIM,13
1922,NE,13
1923,MAR,13
1927,Mississippi,13
1937,ISR,13
1939,Missouri,13
1940,FIM,13
1942,ISR,13
1943,ISR,13
1944,ISR,13
1954,ISR,13
1965,NE,13
1967,California,13
1972,California,13
1973,NE,13
1977,Colorado,13
1982,Kansas,12
1983,PNW,12
1984,Kansas,12
1985,Missouri,12
1986,Missouri,12
1987,Missouri,12
1989,MAR,12
1991,NE,12
1994,Kansas,12
1997,Kansas,12
2001,Missouri,12
2010,Ohio,12
2013,ONT,12
2016,MAR,12
2022,Illinois,12
2027,New York,12
2028,CHS,12
2035,California,12
2036,Colorado,12
2039,Illinois,12
2040,Illinois,12
2046,PNW,12
2048,FIM,12
2051,Pennsylvania,12
2052,Minnesota,12
2053,New York,12
2054,FIM,12
2056,ONT,12
2059,NC,12
2062,Wisconsin,12
2064,NE,12
2067,NE,12
2068,CHS,12
2070,MAR,12
2073,California,12
2075,FIM,12
2077,Wisconsin,12
2078,Louisiana,12
2079,NE,12
2080,Louisiana,12
2081,Illinois,12
2083,Colorado,12
2084,NE,12
2085,California,12
2090,Hawaii,12
2095,MAR,12
2096,ISR,12
2102,California,12
2106,CHS,12
2122,Idaho,12
2129,Minnesota,12
2130,Idaho,12
2135,California,12
2136,Illinois,12
2137,FIM,12
2141,California,12
2143,Wisconsin,12
2144,California,12
2145,FIM,12
2147,PNW,12
2148,PNW,12
2151,Illinois,12
2152,Florida,12
2158,Texas,12
2161,New York,12
2164,Missouri,12
2165,Oklahoma,12
2167,Missouri,12
2168,NE,12
2169,Minnesota,12
2170,NE,12
2171,IN,12
2172,Ohio,12
2175,Minnesota,12
2177,Minnesota,12
2180,MAR,12
2181,Minnesota,12
2183,Louisiana,12
2186,CHS,12
2187,South Carolina,12
2190,Mississippi,12
2191,MAR,12
2194,Wisconsin,12
2197,IN,12
2199,CHS,12
2200,ONT,12
2202,Wisconsin,12
2204,California,12
2207,Minnesota,12
2212,ISR,12
2220,Minnesota,12
2221,Louisiana,12
2224,FIM,12
2225,Minnesota,12
2227,Minnesota,12
2228,New York,12
2230,ISR,12
2231,ISR,12
2232,Minnesota,12
2234,MAR,12
2239,Minnesota,12
2240,Colorado,12
2246,FIM,12
2252,Ohio,12
2259,Colorado,12
2261,Colorado,12
2262,NE,12
2264,Minnesota,12
2265,New York,12
2283,Mexico,12
2333,Oklahoma,11
2335,Kansas,11
2337,FIM,11
2338,Illinois,11
2339,California,11
2340,New York,11
2341,Oklahoma,11
2342,NE,11
2344,New York,11
2345,Missouri,11
2347,New York,11
2352,Oklahoma,11
2353,Missouri,11
2354,Oklahoma,11
2357,Missouri,11
2358,Illinois,11
2359,Oklahoma,11
2363,CHS,11
2367,California,11
2370,NE,11
2373,Oklahoma,11
2374,PNW,11
2375,Arizona,11
2377,CHS,11
2383,Florida,11
2386,ONT,11
2393,Tennessee,11
2395,Oklahoma,11
2398,Oklahoma,11
2399,Ohio,11
2403,Arizona,11
2404,California,11
2405,FIM,11
2408,Missouri,11
2410,Kansas,11
2411,PNW,11
2412,PNW,11
2415,PCH,11
2421,CHS,11
2423,NE,11
2424,Oklahoma,11
2425,Florida,11
2429,California,11
2437,Hawaii,11
2438,Hawaii,11
2439,Hawaii,11
2441,Hawaii,11
2443,Hawaii,11
2444,Hawaii,11
2445,Hawaii,11
2449,Arizona,11
2450,Minnesota,11
2451,Illinois,11
2457,Missouri,11
2458,MAR,11
2461,Oklahoma,11
2465,Hawaii,11
2468,Texas,11
2470,Minnesota,11
2471,PNW,11
2472,Minnesota,11
2473,California,11
2474,FIM,11
2477,Hawaii,11
2478,Arizona,11
2480,Minnesota,11
2481,Illinois,11
2484,Utah,11
2485,California,11
2486,Arizona,11
2487,New York,11
2489,California,11
2491,Minnesota,11
2493,California,11
2495,MAR,11
2496,California,11
2498,Minnesota,11
2499,Minnesota,11
2500,Minnesota,11
2501,Minnesota,11
2502,Minnesota,11
2503,Minnesota,11
2506,Wisconsin,11
2508,Minnesota,11
2509,Minnesota,11
2511,Minnesota,11
2512,Minnesota,11
2513,Minnesota,11
2515,Minnesota,11
2518,Minnesota,11
2521,PNW,11
2522,PNW,11
2523,NE,11
2525,Minnesota,11
2526,Minnesota,11
2529,Minnesota,11
2530,Minnesota,11
2531,Minnesota,11
2532,Minnesota,11
2534,CHS,11
2537,CHS,11
2538,Minnesota,11
2539,MAR,11
2543,California,11
2544,Pennsylvania,11
2545,Minnesota,11
2549,Minnesota,11
2550,PNW,11
2551,California,11
2554,MAR,11
2556,Florida,11
2557,PNW,11
2559,MAR,11
2560,Missouri,11
2574,Minnesota,11
2576,Chile,11
2577,MAR,11
2579,New York,11
2582,Texas,11
2583,Texas,11
2584,California,11
2585,Texas,11
2586,FIM,11
2587,Texas,11
2590,MAR,11
2591,FIM,11
2594,Idaho,11
2600,MAR,11
2601,New York,11
2603,Ohio,11
2604,FIM,11
2605,PNW,11
2606,Minnesota,11
2607,MAR,11
2609,ONT,11
2611,FIM,11
2612,FIM,11
2613,Texas,11
2614,West Virginia,11
2619,FIM,11
2620,FIM,11
2626,Canada,11
2630,ISR,11
2634,ONT,11
2635,PNW,11
2637,California,11
2638,New York,11
2640,NC,11
2641,Pennsylvania,11
2642,NC,11
2643,California,11
2647,Arizona,11
2648,NE,11
2654,Minnesota,11
2655,NC,11
2656,Pennsylvania,11
2657,New Mexico,11
2658,California,11
2659,California,11
2662,Arizona,11
2667,Minnesota,11
2673,FIM,11
2676,FIM,11
2679,ISR,11
2682,NC,11
2702,ONT,10
2704,Illinois,10
2706,ONT,10
2707,Missouri,10
2708,ONT,10
2709,Illinois,10
2710,California,10
2713,NE,10
2721,Texas,10
2723,Oklahoma,10
2725,Illinois,10
2729,MAR,10
2733,PNW,10
2765,Oklahoma,10
2767,FIM,10
2771,FIM,10
2773,Oklahoma,10
2783,Kentucky,10
2785,NE,10
2789,Texas,10
2791,New York,10
2795,Oklahoma,10
2797,Florida,10
2805,Texas,10
2811,PNW,10
2813,California,10
2815,South Carolina,10
2819,CHS,10
2823,Minnesota,10
2825,Minnesota,10
2826,Wisconsin,10
2827,California,10
2830,Wisconsin,10
2832,FIM,10
2834,FIM,10
2836,NE,10
2839,California,10
2840,Arizona,10
2844,Arizona,10
2846,Minnesota,10
2847,Minnesota,10
2848,Texas,10
2849,CHS,10
2851,FIM,10
2852,ONT,10
2853,Hawaii,10
2854,California,10
2855,Minnesota,10
2856,Kentucky,10
2861,Minnesota,10
2867,IN,10
2869,New York,10
2872,New York,10
2874,Missouri,10
2875,New York,10
2876,NE,10
2877,NE,10
2879,Minnesota,10
2881,Texas,10
2882,Texas,10
2883,Minnesota,10
2890,CHS,10
2895,New York,10
2896,Hawaii,10
2897,Texas,10
2898,PNW,10
2900,CHS,10
2903,PNW,10
2905,Turkey,10
2906,PNW,10
2907,PNW,10
2910,PNW,10
2912,CHS,10
2914,CHS,10
2915,PNW,10
2916,Florida,10
2926,PNW,10
2927,PNW,10
2928,PNW,10
2929,PNW,10
2930,PNW,10
2935,ONT,10
2942,PNW,10
2944,PNW,10
2945,Colorado,10
2950,Texas,10
2957,Minnesota,10
2959,FIM,10
2960,FIM,10
2961,CHS,10
2964,CHS,10
2966,Texas,10
2969,Texas,10
2972,Colorado,10
2973,Alabama,10
2974,PCH,10
2976,PNW,10
2977,Minnesota,10
2978,Missouri,10
2980,PNW,10
2984,California,10
2986,Oklahoma,10
2987,Minnesota,10
2988,CHS,10
2989,Minnesota,10
2990,PNW,10
2992,Louisiana,10
2993,Utah,10
2994,ONT,10
2996,Colorado,10
2998,CHS,10
3000,Kentucky,10
3003,New York,10
3004,New York,10
3005,Texas,10
3006,Utah,10
3007,Minnesota,10
3008,Hawaii,10
3009,Nevada,10
3010,Ohio,10
3011,Germany,10
3013,California,10
3015,New York,10
3017,New York,10
3018,Minnesota,10
3019,Arizona,10
3021,California,10
3023,Minnesota,10
3024,PNW,10
3026,Minnesota,10
3028,Texas,10
3029,Texas,10
3034,ISR,10
3035,Texas,10
3036,Minnesota,10
3037,Texas,10
3038,Minnesota,10
3039,Louisiana,10
3042,Minnesota,10
3043,Texas,10
3044,New York,10
3045,California,10
3049,PNW,10
3054,Minnesota,10
3055,Minnesota,10
3058,Minnesota,10
3061,Illinois,10
3062,Pennsylvania,10
3065,ISR,10
3067,Illinois,10
3070,PNW,10
3072,CHS,10
3075,ISR,10
3081,Minnesota,10
3082,Minnesota,10
3083,ISR,10
3090,Minnesota,10
3091,PCH,10
3096,FIM,10
3098,FIM,10
3100,Minnesota,10
3102,Minnesota,10
3103,Texas,10
3104,NE,10
3110,Illinois,10
3117,Canada,10
3120,California,10
3122,Minnesota,10
3128,California,9
3130,Minnesota,9
3131,PNW,9
3132,Australia,9
3133,Arizona,9
3134,Minnesota,9
3136,CHS,9
3137,New York,9
3138,Ohio,9
3139,Alabama,9
3140,Tennessee,9
3142,MAR,9
3145,Idaho,9
3146,NE,9
3147,IN,9
3151,MAR,9
3152,Oklahoma,9
3157,New York,9
3158,Mexico,9
3160,Oklahoma,9
3161,ONT,9
3163,Oklahoma,9
3164,Florida,9
3166,Utah,9
3171,New York,9
3172,Kansas,9
3173,New York,9
3175,FIM,9
3176,IN,9
3179,Oklahoma,9
3180,IN,9
3181,New York,9
3182,NE,9
3184,Minnesota,9
3187,Arizona,9
3189,California,9
3193,Ohio,9
3196,NC,9
3197,Wisconsin,9
3200,Colorado,9
3201,Ohio,9
3202,Minnesota,9
3204,New York,9
3205,NE,9
3206,Minnesota,9
3211,ISR,9
3212,Minnesota,9
3215,NC,9
3216,Montana,9
3218,PNW,9
3219,PNW,9
3220,PNW,9
3223,PNW,9
3225,Utah,9
3229,NC,9
3230,Utah,9
3234,FIM,9
3236,NE,9
3237,PNW,9
3238,PNW,9
3239,Utah,9
3240,Texas,9
3242,Florida,9
3243,Utah,9
3244,Minnesota,9
3245,Utah,9
3247,Oklahoma,9
3250,California,9
3255,California,9
3256,California,9
3257,California,9
3258,CHS,9
3260,Pennsylvania,9
3265,PCH,9
3266,Ohio,9
3267,Minnesota,9
3268,PNW,9
3274,CHS,9
3275,Minnesota,9
3276,Minnesota,9
3277,Minnesota,9
3278,Minnesota,9
3282,Texas,9
3284,Missouri,9
3288,Wyoming,9
3289,Utah,9
3291,Minnesota,9
3292,Minnesota,9
3293,Minnesota,9
3294,Minnesota,9
3295,California,9
3297,Minnesota,9
3298,Minnesota,9
3299,Minnesota,9
3300,Minnesota,9
3302,FIM,9
3303,California,9
3309,California,9
3310,Texas,9
3313,Minnesota,9
3314,MAR,9
3316,ISR,9
3319,Alabama,9
3322,FIM,9
3323,NE,9
3324,Ohio,9
3328,California,9
3329,PCH,9
3330,Missouri,9
3335,Texas,9
3336,NC,9
3337,Louisiana,9
3339,ISR,9
3340,MAR,9
3341,California,9
3344,PCH,9
3345,Texas,9
3352,Illinois,9
3354,Mexico,9
3355,Texas,9
3357,FIM,9
3359,CHS,9
3360,Canada,9
3361,CHS,9
3366,Texas,9
3367,Minnesota,9
3370,Texas,9
3373,CHS,9
3374,Wyoming,9
3379,Canada,9
3381,Wisconsin,9
3386,Canada,9
3387,Canada,9
3388,ISR,9
3389,CHS,9
3390,Turkey,9
3393,PNW,9
3397,Missouri,9
3398,FIM,9
3402,NC,9
3405,Utah,9
3407,Minnesota,9
3408,California,9
3410,Florida,9
3414,FIM,9
3418,Wisconsin,9
3419,New York,9
3451,NE,8
3452,FIM,8
3453,California,8
3454,Minnesota,8
3455,CHS,8
3457,Oklahoma,8
3458,FIM,8
3459,NC,8
3461,NE,8
3464,NE,8
3465,Oklahoma,8
3466,NE,8
3467,NE,8
3468,Louisiana,8
3470,California,8
3472,Mexico,8
3473,California,8
3476,California,8
3478,Mexico,8
3480,Mexico,8
3481,Texas,8
3482,California,8
3484,Ohio,8
3487,IN,8
3488,Illinois,8
3489,South Carolina,8
3490,South Carolina,8
3491,California,8
3492,West Virginia,8
3494,IN,8
3495,California,8
3498,Oklahoma,8
3499,NE,8
3501,California,8
3504,Pennsylvania,8
3506,NC,8
3507,Oklahoma,8
3510,Mexico,8
3511,Pennsylvania,8
3512,California,8
3513,Idaho,8
3515,MAR,8
3522,Mexico,8
3525,NE,8
3526,Mexico,8
3527,Mexico,8
3532,Canada,8
3533,Canada,8
3534,FIM,8
3535,FIM,8
3536,FIM,8
3537,FIM,8
3538,FIM,8
3539,FIM,8
3542,FIM,8
3543,ONT,8
3544,Canada,8
3545,Texas,8
3546,FIM,8
3547,FIM,8
3550,Canada,8
3555,NE,8
3556,Florida,8
3559,IN,8
3560,ONT,8
3562,Idaho,8
3566,NE,8
3568,FIM,8
3570,FIM,8
3571,ONT,8
3572,FIM,8
3573,PCH,8
3574,PNW,8
3575,PNW,8
3577,Arizona,8
3581,PCH,8
3586,PNW,8
3588,PNW,8
3591,Ohio,8
3593,Oklahoma,8
3596,Wisconsin,8
3597,NE,8
3598,California,8
3602,FIM,8
3603,FIM,8
3604,FIM,8
3606,Louisiana,8
3609,NE,8
3610,Minnesota,8
3612,Arkansas,8
3615,California,8
3616,Louisiana,8
3617,FIM,8
3618,FIM,8
3619,FIM,8
3620,FIM,8
3623,NE,8
3624,New York,8
3627,Florida,8
3630,Minnesota,8
3632,FIM,8
3633,Minnesota,8
3634,NE,8
3635,PCH,8
3636,PNW,8
3637,MAR,8
3641,FIM,8
3646,Turkey,8
3647,California,8
3648,Colorado,8
3650,CHS,8
3651,South Carolina,8
3653,Florida,8
3654,NE,8
3655,FIM,8
3656,FIM,8
3658,FIM,8
3660,Oklahoma,8
3661,NC,8
3663,PNW,8
3667,FIM,8
3668,FIM,8
3669,California,8
3673,PNW,8
3674,PNW,8
3676,Texas,8
3679,Texas,8
3680,NC,8
3683,ONT,8
3684,PNW,8
3688,FIM,8
3691,Minnesota,8
3692,Wisconsin,8
3693,PNW,8
3694,PCH,8
3695,Illinois,8
3704,California,8
3707,FIM,8
3711,PNW,8
3712,PNW,8
3714,CHS,8
3719,NE,8
3721,Hawaii,8
3723,Minnesota,8
3728,Texas,8
3729,Colorado,8
3734,Illinois,8
3735,Texas,8
3737,NC,8
3739,ONT,8
3740,Minnesota,8
3743,Texas,8
3745,Minnesota,8
3748,CHS,8
3749,California,8
3750,Minnesota,8
3751,Minnesota,8
3753,Louisiana,8
3754,Minnesota,8
3755,Minnesota,8
3756,ONT,8
3759,California,8
3760,New York,8
3767,FIM,8
3770,FIM,8
3773,FIM,8
3777,Ohio,8
3785,Arizona,8
3786,PNW,8
3792,Missouri,8
3793,CHS,8
3794,Mexico,8
3796,NC,8
3799,New York,8
3800,Hawaii,8
3802,Texas,8
3807,Colorado,8
3812,PNW,8
3814,Kentucky,8
3815,PCH,8
3821,Kentucky,8
3822,NC,8
3824,Tennessee,8
3826,PNW,8
3834,Texas,8
3835,ISR,8
3838,New York,8
3839,Minnesota,8
3840,Minnesota,8
3843,Kentucky,8
3844,Kentucky,8
3845,NC,8
3847,Texas,8
3848,Minnesota,8
3851,California,8
3853,Arizona,8
3859,California,8
3863,California,8
3865,IN,8
3871,Minnesota,8
3875,FIM,8
3876,PNW,8
3878,Hawaii,8
3880,Hawaii,8
3881,Hawaii,8
3882,Hawaii,8
3883,Minnesota,8
3925,California,7
3926,Minnesota,7
3928,Iowa,7
3929,MAR,7
3930,NE,7
3931,Oklahoma,7
3932,Florida,7
3933,Mexico,7
3936,IN,7
3937,Arkansas,7
3939,CHS,7
3940,IN,7
3941,CHS,7
3944,Arizona,7
3946,Louisiana,7
3947,IN,7
3950,New York,7
3951,New York,7
3952,California,7
3953,California,7
3954,Pennsylvania,7
3955,Pennsylvania,7
3957,Pennsylvania,7
3958,NE,7
3959,Alabama,7
3965,California,7
3966,Tennessee,7
3970,California,7
3974,MAR,7
3975,Canada,7
3976,South Carolina,7
3981,Canada,7
3984,Tennessee,7
3985,Canada,7
3986,Canada,7
3988,Canada,7
3990,Canada,7
3991,Louisiana,7
3993,California,7
3996,Canada,7
3997,Texas,7
3998,PCH,7
3999,Texas,7
4001,ONT,7
4003,FIM,7
4004,FIM,7
4005,Oklahoma,7
4006,New York,7
4008,IN,7
4009,Minnesota,7
4010,Mexico,7
4011,Wisconsin,7
4012,New York,7
4013,Florida,7
4014,California,7
4015,ONT,7
4019,California,7
4020,Tennessee,7
4021,Wisconsin,7
4023,New York,7
4024,Florida,7
4026,PCH,7
4027,Pennsylvania,7
4028,Ohio,7
4034,NE,7
4035,MAR,7
4039,ONT,7
4041,NE,7
4042,NE,7
4043,PNW,7
4048,NE,7
4049,Pennsylvania,7
4050,Pennsylvania,7
4051,PNW,7
4053,Louisiana,7
4054,Wisconsin,7
4055,NE,7
4056,California,7
4057,PNW,7
4060,PNW,7
4061,PNW,7
4063,Texas,7
4064,Florida,7
4065,Florida,7
4068,Colorado,7
4069,ONT,7
4073,South Carolina,7
4074,South Carolina,7
4075,South Carolina,7
4076,Texas,7
4077,PNW,7
4078,California,7
4079,California,7
4080,PCH,7
4083,South Carolina,7
4085,Ohio,7
4087,Louisiana,7
4089,PNW,7
4091,Dominican Republic,7
4093,New York,7
4096,Illinois,7
4097,NE,7
4099,CHS,7
4103,IN,7
4104,PNW,7
4107,Mississippi,7
4110,PNW,7
4111,Arizona,7
4112,PCH,7
4114,California,7
4118,Florida,7
4119,Ohio,7
4120,PNW,7
4121,Ohio,7
4122,New York,7
4123,California,7
4125,PNW,7
4127,PNW,7
4130,FIM,7
4131,PNW,7
4132,PNW,7
4135,California,7
4137,CHS,7
4139,California,7
4141,California,7
4143,Illinois,7
4145,Ohio,7
4146,Arizona,7
4150,Pennsylvania,7
4151,NE,7
4152,ONT,7
4153,New Mexico,7
4156,Illinois,7
4159,California,7
4160,California,7
4161,California,7
4166,Minnesota,7
4169,NE,7
4171,California,7
4173,PNW,7
4174,Minnesota,7
4175,Idaho,7
4176,NE,7
4179,Florida,7
4180,PNW,7
4181,Minnesota,7
4182,Minnesota,7
4183,Arizona,7
4186,California,7
4187,Illinois,7
4188,PCH,7
4189,PCH,7
4191,Turkey,7
4192,Texas,7
4193,PCH,7
4195,PCH,7
4198,Minnesota,7
4201,California,7
4203,New York,7
4205,PNW,7
4206,Texas,7
4207,Minnesota,7
4209,Louisiana,7
4212,Illinois,7
4213,Illinois,7
4215,Minnesota,7
4216,FIM,7
4217,Minnesota,7
4219,Texas,7
4225,Minnesota,7
4226,Minnesota,7
4229,Minnesota,7
4230,Minnesota,7
4232,Illinois,7
4235,PCH,7
4237,FIM,7
4238,Minnesota,7
4239,Minnesota,7
4240,PCH,7
4241,Illinois,7
4242,CHS,7
4243,South Carolina,7
4246,Illinois,7
4247,Wisconsin,7
4248,ONT,7
4252,ONT,7
4253,Chinese Taipei,7
4255,California,7
4256,Missouri,7
4260,Minnesota,7
4262,Mexico,7
4263,New York,7
4264,Tennessee,7
4265,Tennessee,7
4267,South Carolina,7
4269,Ohio,7
4270,Hawaii,7
4272,IN,7
4276,California,7
4277,Minnesota,7
4281,MAR,7
4283,Ohio,7
4284,Ohio,7
4285,MAR,7
4286,CHS,7
4290,NC,7
4291,NC,7
4292,Illinois,7
4293,Colorado,7
4295,Texas,7
4296,Illinois,7
4299,New York,7
4301,Texas,7
4306,Tennessee,7
4308,ONT,7
4309,PNW,7
4311,NE,7
4314,Illinois,7
4319,ISR,7
4320,ISR,7
4322,California,7
4325,FIM,7
4327,FIM,7
4328,Texas,7
4329,Missouri,7
4330,Missouri,7
4332,Texas,7
4334,Canada,7
4335,Texas,7
4336,Louisiana,7
4337,FIM,7
4338,ISR,7
4342,MAR,7
4343,ONT,7
4348,Utah,7
4353,Louisiana,7
4355,Mexico,7
4356,Missouri,7
4360,Minnesota,7
4361,MAR,7
4362,FIM,7
4364,Texas,7
4371,Mexico,7
4373,MAR,7
4375,FIM,7
4376,FIM,7
4377,FIM,7
4378,Texas,7
4380,FIM,7
4381,FIM,7
4382,FIM,7
4383,New York,7
4384,FIM,7
4386,Colorado,7
4388,Colorado,7
4390,FIM,7
4391,FIM,7
4392,FIM,7
4395,FIM,7
4397,Minnesota,7
4398,FIM,7
4400,Mexico,7
4401,Mexico,7
4403,Mexico,7
4405,FIM,7
4408,FIM,7
4409,FIM,7
4412,Texas,7
4415,California,7
4416,ISR,7
4418,Colorado,7
4450,PNW,6
4451,South Carolina,6
4453,FIM,6
4454,MAR,6
4455,Missouri,6
4456,CHS,6
4458,New York,6
4459,PCH,6
4461,PNW,6
4462,Tennessee,6
4464,CHS,6
4466,CHS,6
4467,Pennsylvania,6
4468,PCH,6
4469,PNW,6
4470,California,6
4471,Florida,6
4472,CHS,6
4473,NE,6
4476,ONT,6
4480,Minnesota,6
4481,Netherlands,6
4482,FIM,6
4485,IN,6
4486,California,6
4488,PNW,6
4495,PNW,6
4496,Arizona,6
4499,Colorado,6
4500,Missouri,6
4501,California,6
4504,Tennessee,6
4505,CHS,6
4506,Minnesota,6
4508,New York,6
4509,PCH,6
4511,Minnesota,6
4512,PNW,6
4513,PNW,6
4514,CHS,6
4516,PCH,6
4519,ONT,6
4521,Ohio,6
4522,Missouri,6
4523,Oklahoma,6
4525,ONT,6
4528,New York,6
4531,Wisconsin,6
4533,South Carolina,6
4534,NC,6
4536,Minnesota,6
4537,Australia,6
4539,Minnesota,6
4541,CHS,6
4546,NE,6
4547,Pennsylvania,6
4549,Minnesota,6
4550,Colorado,6
4555,NE,6
4557,NE,6
4561,NC,6
4562,Florida,6
4564,NE,6
4565,Arizona,6
4567,New York,6
4568,FIM,6
4571,New York,6
4572,NE,6
4573,MAR,6
4575,MAR,6
4576,Tennessee,6
4578,California,6
4579,PNW,6
4580,IN,6
4582,South Carolina,6
4583,California,6
4584,Mexico,6
4585,Utah,6
4586,ISR,6
4587,Texas,6
4590,ISR,6
4592,Florida,6
4593,South Dakota,6
4594,Canada,6
4595,ONT,6
4597,Texas,6
4598,Utah,6
4600,Missouri,6
4601,Ohio,6
4603,Mexico,6
4604,Canada,6
4607,Minnesota,6
4608,PNW,6
4610,Texas,6
4611,Ohio,6
4613,Australia,6
4614,Australia,6
4616,California,6
4618,ONT,6
4619,California,6
4622,Florida,6
4623,Minnesota,6
4624,Minnesota,6
4625,Canada,6
4626,Minnesota,6
4627,Canada,6
4630,Tennessee,6
4632,Minnesota,6
4635,Mexico,6
4637,MAR,6
4638,CHS,6
4639,Texas,6
4640,New York,6
4641,Texas,6
4643,California,6
4645,Illinois,6
4646,Iowa,6
4648,Minnesota,6
4649,ISR,6
4652,PNW,6
4653,MAR,6
4655,Illinois,6
4656,Minnesota,6
4661,ISR,6
4662,PNW,6
4663,Minnesota,6
4664,Minnesota,6
4665,Minnesota,6
4669,California,6
4674,Minnesota,6
4678,ONT,6
4680,FIM,6
4681,PNW,6
4682,PNW,6
4683,PNW,6
4688,ONT,6
4692,PNW,6
4693,Minnesota,6
4694,Texas,6
4698,California,6
4701,PCH,6
4702,Illinois,6
4704,ONT,6
4707,Dominican Republic,6
4711,California,6
4715,FIM,6
4717,Texas,6
4723,Mexico,6
4726,PNW,6
4728,Minnesota,6
4729,Australia,6
4730,PCH,6
4731,Mexico,6
4733,Canada,6
4734,Texas,6
4735,Mexico,6
4737,FIM,6
4738,California,6
4739,Australia,6
4740,Tennessee,6
4741,Minnesota,6
4744,ISR,6
4746,Mexico,6
4748,South Carolina,6
4749,PCH,6
4750,MAR,6
4757,ISR,6
4758,FIM,6
4761,NE,6
4762,Minnesota,6
4763,California,6
4764,Tennessee,6
4765,California,6
4767,NC,6
4768,FIM,6
4769,Florida,6
4773,New York,6
4774,Australia,6
4775,Mexico,6
4776,FIM,6
4777,ONT,6
4778,Minnesota,6
4779,FIM,6
4780,Ohio,6
4782,Mexico,6
4783,ONT,6
4784,ISR,6
4786,Wisconsin,6
4787,Illinois,6
4792,Nevada,6
4795,NC,6
4796,NE,6
4799,Texas,6
4801,Australia,6
4802,Australia,6
4804,Wisconsin,6
4809,Missouri,6
4810,FIM,6
4811,FIM,6
4814,ONT,6
4815,FIM,6
4816,NC,6
4817,Singapore,6
4818,North Dakota,6
4819,FIM,6
4821,CHS,6
4823,South Carolina,6
4827,FIM,6
4828,NC,6
4829,NC,6
4835,FIM,6
4838,FIM,6
4840,FIM,6
4845,Minnesota,6
4847,South Carolina,6
4851,FIM,6
4854,FIM,6
4855,FIM,6
4856,New York,6
4859,Minnesota,6
4902,ONT,5
4903,ONT,5
4904,California,5
4905,NE,5
4906,NE,5
4907,ONT,5
4908,NE,5
4909,NE,5
4910,PCH,5
4911,PNW,5
4913,California,5
4914,ONT,5
4915,PNW,5
4917,ONT,5
4918,PNW,5
4919,California,5
4920,ONT,5
4924,Tennessee,5
4925,NE,5
4926,IN,5
4929,NE,5
4930,New York,5
4931,Illinois,5
4932,ONT,5
4933,Oklahoma,5
4935,NC,5
4936,ONT,5
4938,ONT,5
4939,ONT,5
4940,ONT,5
4941,PCH,5
4942,Canada,5
4944,Colorado,5
4946,ONT,5
4947,Canada,5
4949,CHS,5
4950,Canada,5
4951,ONT,5
4952,Canada,5
4954,MAR,5
4955,Canada,5
4956,FIM,5
4957,Canada,5
4958,NE,5
4959,Missouri,5
4961,FIM,5
4964,California,5
4965,South Carolina,5
4967,FIM,5
4968,ONT,5
4970,FIM,5
4972,Turkey,5
4973,California,5
4976,ONT,5
4978,Louisiana,5
4979,Illinois,5
4980,PNW,5
4982,IN,5
4983,FIM,5
4984,California,5
4987,NE,5
4988,FIM,5
4990,California,5
4991,Pennsylvania,5
4992,ONT,5
4994,FIM,5
4998,FIM,5
4999,California,5
5000,NE,5
5002,Tennessee,5
5003,Wisconsin,5
5005,Tennessee,5
5006,Arkansas,5
5010,IN,5
5012,California,5
5013,Missouri,5
5015,Canada,5
5016,New York,5
5019,Wisconsin,5
5022,Tennessee,5
5024,ONT,5
5025,California,5
5026,California,5
5027,California,5
5030,New York,5
5031,ONT,5
5032,ONT,5
5033,ONT,5
5036,ONT,5
5038,ISR,5
5039,ONT,5
5041,Iowa,5
5045,Tennessee,5
5046,FIM,5
5047,Texas,5
5048,FIM,5
5049,Nevada,5
5050,FIM,5
5052,Texas,5
5053,FIM,5
5056,FIM,5
5057,Texas,5
5058,Tennessee,5
5059,Arizona,5
5060,Missouri,5
5063,South Carolina,5
5065,FIM,5
5066,FIM,5
5067,FIM,5
5069,FIM,5
5070,Texas,5
5071,Utah,5
5072,FIM,5
5074,PCH,5
5077,Ohio,5
5078,Canada,5
5082,Missouri,5
5084,FIM,5
5085,PNW,5
5086,FIM,5
5089,California,5
5090,FIM,5
5093,Mexico,5
5095,Canada,5
5096,Wisconsin,5
5098,Missouri,5
5099,New York,5
5102,California,5
5103,Texas,5
5104,California,5
5107,California,5
5109,PCH,5
5110,FIM,5
5112,NE,5
5113,MAR,5
5114,FIM,5
5115,CHS,5
5118,Canada,5
5119,Kansas,5
5122,NE,5
5123,New York,5
5124,California,5
5125,Illinois,5
5126,Missouri,5
5129,NE,5
5130,South Carolina,5
5132,PCH,5
5133,Mexico,5
5134,California,5
5135,ISR,5
5136,California,5
5137,California,5
5141,Missouri,5
5142,NE,5
5143,Minnesota,5
5144,FIM,5
5145,Florida,5
5147,Missouri,5
5148,Wisconsin,5
5149,New York,5
5150,FIM,5
5152,FIM,5
5155,FIM,5
5156,FIM,5
5159,Utah,5
5160,NC,5
5161,FIM,5
5162,FIM,5
5166,FIM,5
5167,FIM,5
5168,Louisiana,5
5171,California,5
5172,Minnesota,5
5173,FIM,5
5175,FIM,5
5176,Missouri,5
5178,Arkansas,5
5179,Canada,5
5181,MAR,5
5182,FIM,5
5183,FIM,5
5186,Tennessee,5
5188,IN,5
5189,Kansas,5
5190,NC,5
5193,FIM,5
5194,FIM,5
5196,Florida,5
5197,FIM,5
5198,PNW,5
5199,California,5
5200,Arizona,5
5201,FIM,5
5202,New York,5
5203,FIM,5
5204,FIM,5
5205,FIM,5
5209,California,5
5212,Texas,5
5213,FIM,5
5214,FIM,5
5215,FIM,5
5216,FIM,5
5217,FIM,5
5219,PCH,5
5222,FIM,5
5224,FIM,5
5225,FIM,5
5226,FIM,5
5227,FIM,5
5229,FIM,5
5230,FIM,5
5231,FIM,5
5232,Minnesota,5
5234,FIM,5
5235,FIM,5
5238,FIM,5
5239,FIM,5
5241,Texas,5
5242,Texas,5
5243,CHS,5
5247,FIM,5
5248,FIM,5
5250,California,5
5251,FIM,5
5253,Minnesota,5
5254,New York,5
5255,FIM,5
5256,FIM,5
5257,FIM,5
5260,FIM,5
5261,Texas,5
5263,FIM,5
5265,NE,5
5268,Kansas,5
5274,California,5
5275,Minnesota,5
5276,Florida,5
5278,Minnesota,5
5279,CHS,5
5282,FIM,5
5283,Florida,5
5285,California,5
5288,ONT,5
5290,Minnesota,5
5291,ISR,5
5293,PCH,5
5295,PNW,5
5298,New York,5
5299,Minnesota,5
5308,China,5
5310,MAR,5
5312,Mexico,5
5314,FIM,5
5316,FIM,5
5317,South Carolina,5
5324,ONT,5
5326,Missouri,5
5327,South Carolina,5
5329,Florida,5
5331,Australia,5
5332,PCH,5
5333,Australia,5
5338,CHS,5
5339,Minnesota,5
5340,Minnesota,5
5344,Mexico,5
5347,NE,5
5348,Minnesota,5
5350,Illinois,5
5401,MAR,4
5403,IN,4
5404,MAR,4
5406,ONT,4
5407,MAR,4
5408,ONT,4
5409,ONT,4
5410,Florida,4
5411,Texas,4
5412,Netherlands,4
5413,Ohio,4
5414,Texas,4
5417,Texas,4
5418,Ohio,4
5419,California,4
5420,MAR,4
5421,New York,4
5422,NE,4
5424,FIM,4
5426,ONT,4
5427,Texas,4
5428,ONT,4
5429,Nevada,4
5430,California,4
5431,Texas,4
5434,Minnesota,4
5436,FIM,4
5437,Arkansas,4
5438,MAR,4
5439,Canada,4
5440,Canada,4
5442,Illinois,4
5443,Canada,4
5445,China,4
5447,FIM,4
5448,FIM,4
5449,China,4
5450,PNW,4
5451,China,4
5453,China,4
5454,Arkansas,4
5457,MAR,4
5458,California,4
5459,NE,4
5460,FIM,4
5461,Idaho,4
5462,FIM,4
5464,Minnesota,4
5465,Arizona,4
5467,FIM,4
5468,PNW,4
5470,FIM,4
5471,NE,4
5472,Florida,4
5473,FIM,4
5474,California,4
5477,California,4
5478,FIM,4
5480,Nevada,4
5482,PCH,4
5483,ONT,4
5484,IN,4
5486,FIM,4
5490,MAR,4
5491,NE,4
5492,Kentucky,4
5493,Colorado,4
5494,NE,4
5496,California,4
5498,FIM,4
5499,California,4
5500,California,4
5501,FIM,4
5502,FIM,4
5503,Texas,4
5504,FIM,4
5505,FIM,4
5506,NE,4
5507,California,4
5508,Tennessee,4
5509,FIM,4
5510,California,4
5511,NC,4
5512,Chile,4
5514,California,4
5515,China,4
5516,China,4
5517,FIM,4
5518,NC,4
5519,ONT,4
5522,China,4
5523,FIM,4
5524,FIM,4
5525,FIM,4
5526,Mexico,4
5527,FIM,4
5528,Canada,4
5530,FIM,4
5531,FIM,4
5532,FIM,4
5533,FIM,4
5534,FIM,4
5535,FIM,4
5538,FIM,4
5539,Arizona,4
5541,Minnesota,4
5542,Minnesota,4
5544,NC,4
5546,CHS,4
5547,FIM,4
5549,CHS,4
5550,Oklahoma,4
5553,France,4
5554,ISR,4
5555,FIM,4
5556,NE,4
5557,Florida,4
5558,Turkey,4
5559,FIM,4
5560,FIM,4
5561,FIM,4
5562,FIM,4
5563,NE,4
5564,Australia,4
5567,FIM,4
5568,Arkansas,4
5570,Canada,4
5572,Texas,4
5576,Iowa,4
5577,FIM,4
5578,Oklahoma,4
5582,PCH,4
5583,Missouri,4
5584,Australia,4
5586,Wisconsin,4
5587,CHS,4
5588,PNW,4
5589,ONT,4
5590,New York,4
5593,Australia,4
5595,Wisconsin,4
5596,ONT,4
5599,New York,4
5601,China,4
5603,FIM,4
5605,China,4
5606,China,4
5607,NC,4
5608,PCH,4
5610,FIM,4
5611,Oklahoma,4
5612,FIM,4
5613,New Mexico,4
5614,ISR,4
5616,Florida,4
5618,Canada,4
5619,FIM,4
5621,Oklahoma,4
5622,FIM,4
5623,FIM,4
5624,MAR,4
5625,Hawaii,4
5626,Minnesota,4
5627,California,4
5630,Canada,4
5632,PCH,4
5633,NE,4
5634,California,4
5635,ISR,4
5636,ISR,4
5637,Minnesota,4
5638,Minnesota,4
5639,Texas,4
5641,FIM,4
5642,FIM,4
5648,Australia,4
5651,PCH,4
5653,Minnesota,4
5654,ISR,4
5655,Turkey,4
5657,Wyoming,4
5658,Minnesota,4
5659,New York,4
5660,FIM,4
5661,FIM,4
5662,FIM,4
5663,Australia,4
5664,FIM,4
5665,Turkey,4
5666,MAR,4
5667,Ohio,4
5669,California,4
5672,ONT,4
5674,FIM,4
5675,FIM,4
5676,FIM,4
5678,California,4
5679,NC,4
5681,Texas,4
5682,Texas,4
5683,PNW,4
5684,MAR,4
5685,FIM,4
5686,NE,4
5687,NE,4
5688,FIM,4
5689,ONT,4
5690,Minnesota,4
5695,FIM,4
5696,Mexico,4
5697,FIM,4
5699,ONT,4
5700,California,4
5701,Japan,4
5702,FIM,4
5705,Mexico,4
5706,FIM,4
5708,FIM,4
5709,FIM,4
5710,FIM,4
5712,FIM,4
5713,FIM,4
5714,FIM,4
5715,ISR,4
5716,Mexico,4
5719,ONT,4
5720,Minnesota,4
5721,Arkansas,4
5722,Florida,4
5724,CHS,4
5725,Canada,4
5726,Texas,4
5727,NC,4
5728,California,4
5729,Arkansas,4
5730,Missouri,4
5732,MAR,4
5734,PCH,4
5735,NE,4
5736,New York,4
5737,China,4
5740,Pennsylvania,4
5744,Tennessee,4
5746,NE,4
5747,ISR,4
5748,PNW,4
5752,NE,4
5753,Florida,4
5754,Texas,4
5756,FIM,4
5762,NC,4
5763,Colorado,4
5765,California,4
5773,Turkey,4
5774,FIM,4
5775,Texas,4
5776,ONT,4
5777,South Carolina,4
5781,United Kingdom,4
5783,New Mexico,4
5785,Louisiana,4
5787,Canada,4
5800,Brazil,3
5801,Missouri,3
5802,California,3
5803,PNW,3
5804,CHS,3
5805,California,3
5806,New York,3
5809,Missouri,3
5810,California,3
5811,Ohio,3
5813,NE,3
5816,Florida,3
5817,California,3
5818,California,3
5819,Florida,3
5821,ONT,3
5822,Illinois,3
5823,China,3
5826,Wisconsin,3
5827,PNW,3
5828,PCH,3
5829,Texas,3
5830,CHS,3
5831,China,3
5834,ONT,3
5835,California,3
5836,Missouri,3
5837,Iowa,3
5839,China,3
5840,PCH,3
5841,CHS,3
5842,Florida,3
5843,FIM,3
5846,NE,3
5847,Illinois,3
5848,PCH,3
5849,China,3
5851,California,3
5852,California,3
5853,FIM,3
5854,NC,3
5855,Wisconsin,3
5856,NE,3
5857,California,3
5858,Alabama,3
5860,FIM,3
5863,Louisiana,3
5864,Louisiana,3
5865,Canada,3
5866,Texas,3
5869,California,3
5870,ONT,3
5871,Idaho,3
5872,Florida,3
5874,Mexico,3
5875,Nevada,3
5876,Australia,3
5877,California,3
5878,FIM,3
5881,New York,3
5883,Poland,3
5885,ONT,3
5887,Mexico,3
5888,Texas,3
5889,Oklahoma,3
5891,New York,3
5892,Texas,3
5894,Texas,3
5895,MAR,3
5899,Colorado,3
5900,PCH,3
5901,FIM,3
5902,NE,3
5903,Wisconsin,3
5906,Nebraska,3
5907,FIM,3
5908,Texas,3
5910,Canada,3
5911,ONT,3
5913,Minnesota,3
5914,Minnesota,3
5915,FIM,3
5918,Missouri,3
5919,NC,3
5920,PNW,3
5921,ONT,3
5923,Texas,3
5924,California,3
5926,FIM,3
5927,FIM,3
5928,ISR,3
5929,Minnesota,3
5930,Oklahoma,3
5932,Mexico,3
5933,Utah,3
5934,Illinois,3
5935,Iowa,3
5937,PNW,3
5940,California,3
5941,PNW,3
5943,New York,3
5944,IN,3
5945,CHS,3
5947,New York,3
5948,Mexico,3
5949,Florida,3
5950,CHS,3
5951,ISR,3
5952,Canada,3
5953,Louisiana,3
5954,CHS,3
5957,CHS,3
5959,Mexico,3
5960,Texas,3
5962,NE,3
5963,FIM,3
5964,New York,3
5965,Louisiana,3
5966,California,3
5968,Kansas,3
5970,PNW,3
5973,Ohio,3
5974,Utah,3
5975,PNW,3
5976,Wisconsin,3
5977,PNW,3
5980,FIM,3
5982,FIM,3
5983,Australia,3
5985,Australia,3
5986,Texas,3
5987,ISR,3
5988,Australia,3
5989,FIM,3
5990,ISR,3
5991,Minnesota,3
5992,MAR,3
5993,Turkey,3
5994,Canada,3
5996,Czech Republic,3
5997,Louisiana,3
5998,Minnesota,3
5999,Minnesota,3
6000,California,3
6001,Colombia,3
6002,FIM,3
6003,NC,3
6004,NC,3
6005,FIM,3
6007,Australia,3
6009,ONT,3
6010,Mexico,3
6011,FIM,3
6012,IN,3
6013,FIM,3
6014,Turkey,3
6016,MAR,3
6017,Mexico,3
6018,China,3
6019,FIM,3
6020,FIM,3
6021,CHS,3
6022,Minnesota,3
6023,PCH,3
6024,India,3
6025,Turkey,3
6026,Oklahoma,3
6027,Ohio,3
6029,FIM,3
6032,Ohio,3
6033,FIM,3
6035,Australia,3
6036,California,3
6038,Turkey,3
6039,California,3
6041,Canada,3
6043,FIM,3
6044,Minnesota,3
6045,Minnesota,3
6047,Minnesota,3
6049,ISR,3
6050,Australia,3
6052,ONT,3
6053,FIM,3
6054,Ohio,3
6055,Arkansas,3
6056,Minnesota,3
6057,FIM,3
6059,California,3
6060,California,3
6062,Australia,3
6063,Australia,3
6064,Turkey,3
6065,FIM,3
6066,FIM,3
6067,FIM,3
6068,Mississippi,3
6070,ONT,3
6071,FIM,3
6072,California,3
6073,FIM,3
6074,FIM,3
6075,FIM,3
6076,PNW,3
6077,FIM,3
6078,FIM,3
6079,FIM,3
6081,FIM,3
6083,Chinese Taipei,3
6084,Ohio,3
6085,FIM,3
6086,FIM,3
6087,FIM,3
6088,FIM,3
6089,FIM,3
6090,FIM,3
6091,FIM,3
6092,FIM,3
6093,FIM,3
6094,FIM,3
6096,FIM,3
6097,FIM,3
6098,FIM,3
6099,FIM,3
6100,FIM,3
6101,FIM,3
6102,FIM,3
6103,Louisiana,3
6104,ISR,3
6106,Mexico,3
6107,Alabama,3
6110,ONT,3
6111,Texas,3
6112,FIM,3
6113,FIM,3
6114,FIM,3
6116,FIM,3
6117,FIM,3
6118,Australia,3
6119,FIM,3
6120,FIM,3
6121,FIM,3
6122,FIM,3
6127,Arizona,3
6128,FIM,3
6129,PNW,3
6130,ONT,3
6131,Arkansas,3
6132,Minnesota,3
6133,Texas,3
6135,ONT,3
6136,FIM,3
6137,FIM,3
6138,FIM,3
6139,PCH,3
6140,ONT,3
6141,ONT,3
6144,Texas,3
6145,Florida,3
6146,Minnesota,3
6147,Minnesota,3
6149,ISR,3
6150,FIM,3
6152,FIM,3
6153,NE,3
6155,Texas,3
6156,Mexico,3
6157,Kentucky,3
6160,Minnesota,3
6161,NE,3
6162,ONT,3
6164,Iowa,3
6166,Wisconsin,3
6167,South Carolina,3
6168,ISR,3
6170,Mexico,3
6171,Texas,3
6172,NE,3
6174,California,3
6175,Minnesota,3
6177,PCH,3
6178,Canada,3
6180,Texas,3
6181,Ohio,3
6184,Florida,3
6186,Arkansas,3
6187,Australia,3
6188,Canada,3
6189,CHS,3
6190,FIM,3
6191,Chinese Taipei,3
6193,FIM,3
6194,CHS,3
6195,New York,3
6199,Mexico,3
6200,Mexico,3
6201,NE,3
6202,ONT,3
6203,MAR,3
6204,Australia,3
6213,CHS,3
6214,NC,3
6215,NC,3
6217,Minnesota,3
6218,Mexico,3
6219,Tennessee,3
6220,California,3
6222,South Carolina,3
6223,Wisconsin,3
6224,NE,3
6225,Florida,3
6226,MAR,3
6230,ISR,3
6232,Turkey,3
6237,Illinois,3
6238,California,3
6239,CHS,3
6240,NC,3
6300,New York,2
6301,NE,2
6302,Tennessee,2
6303,Turkey,2
6304,China,2
6305,California,2
6306,Texas,2
6308,Guam,2
6309,Guam,2
6312,CHS,2
6314,Arizona,2
6315,Texas,2
6317,Iowa,2
6318,Wisconsin,2
6319,Mexico,2
6320,Iowa,2
6321,Texas,2
6322,Florida,2
6323,ONT,2
6324,NE,2
6325,PCH,2
6326,CHS,2
6327,MAR,2
6328,NE,2
6329,NE,2
6331,ONT,2
6332,NC,2
6333,NE,2
6334,CHS,2
6335,NE,2
6336,ONT,2
6337,NE,2
6339,ONT,2
6340,PCH,2
6341,PCH,2
6342,ONT,2
6343,PNW,2
6344,FIM,2
6345,FIM,2
6346,NE,2
6348,Mexico,2
6350,PNW,2
6351,Canada,2
6352,Arizona,2
6353,China,2
6354,China,2
6355,Ohio,2
6356,China,2
6357,Texas,2
6358,Idaho,2
6359,Nebraska,2
6360,China,2
6361,China,2
6362,China,2
6363,Texas,2
6364,Canada,2
6366,South Carolina,2
6367,NE,2
6369,Texas,2
6371,Iowa,2
6372,Arizona,2
6376,China,2
6377,Texas,2
6378,ONT,2
6379,Iowa,2
6381,Wisconsin,2
6382,California,2
6383,China,2
6386,China,2
6388,Turkey,2
6390,Canada,2
6391,Missouri,2
6392,China,2
6393,China,2
6394,China,2
6397,ONT,2
6398,California,2
6399,China,2
6400,Montana,2
6401,New York,2
6402,Turkey,2
6403,Canada,2
6404,Brazil,2
6406,Canada,2
6407,Mexico,2
6408,Canada,2
6410,California,2
6411,Utah,2
6412,Iowa,2
6413,Arizona,2
6414,China,2
6415,Turkey,2
6416,Turkey,2
6417,Switzerland,2
6418,California,2
6419,Iowa,2
6420,Iowa,2
6421,Wisconsin,2
6422,New York,2
6423,New York,2
6424,Missouri,2
6425,FIM,2
6426,NC,2
6428,FIM,2
6429,Turkey,2
6430,Turkey,2
6432,Australia,2
6433,China,2
6434,Australia,2
6435,Turkey,2
6436,Turkey,2
6440,Australia,2
6441,China,2
6442,PNW,2
6443,PNW,2
6444,Mexico,2
6445,PNW,2
6447,Australia,2
6449,Australia,2
6451,IN,2
6453,Minnesota,2
6455,Iowa,2
6457,Utah,2
6458,Canada,2
6459,Turkey,2
6460,Ohio,2
6461,ONT,2
6463,New York,2
6464,Oklahoma,2
6465,PNW,2
6467,Iowa,2
6468,Florida,2
6471,PCH,2
6473,Florida,2
6474,California,2
6476,Australia,2
6479,Arizona,2
6481,ONT,2
6482,Arizona,2
6483,Mexico,2
6484,New York,2
6485,Canada,2
6487,China,2
6488,Texas,2
6489,Louisiana,2
6490,New York,2
6492,Arkansas,2
6493,FIM,2
6494,China,2
6498,IN,2
6499,California,2
6500,NC,2
6502,NC,2
6503,PNW,2
6504,CHS,2
6505,CHS,2
6506,California,2
6507,Mexico,2
6508,Australia,2
6509,Australia,2
6510,Australia,2
6512,NC,2
6513,ONT,2
6514,ONT,2
6515,California,2
6517,Tennessee,2
6518,Arizona,2
6519,Nevada,2
6520,Vietnam,2
6524,Australia,2
6525,Australia,2
6526,Texas,2
6527,Florida,2
6528,FIM,2
6529,NE,2
6530,Arizona,2
6531,FIM,2
6532,FIM,2
6533,FIM,2
6535,California,2
6536,Iowa,2
6537,ONT,2
6538,FIM,2
6540,Canada,2
6541,France,2
6542,Kansas,2
6543,CHS,2
6544,ONT,2
6545,FIM,2
6546,Utah,2
6547,Texas,2
6548,FIM,2
6550,FIM,2
6552,FIM,2
6553,California,2
6554,California,2
6556,FIM,2
6557,FIM,2
6558,FIM,2
6559,FIM,2
6560,California,2
6561,FIM,2
6563,Canada,2
6564,ONT,2
6565,NC,2
6566,FIM,2
6567,FIM,2
6568,FIM,2
6569,FIM,2
6570,FIM,2
6573,FIM,2
6574,Wisconsin,2
6575,Australia,2
6579,Australia,2
6580,FIM,2
6581,FIM,2
6582,FIM,2
6583,FIM,2
6584,CHS,2
6585,Arizona,2
6586,Arkansas,2
6588,FIM,2
6589,FIM,2
6590,New York,2
6591,FIM,2
6592,FIM,2
6593,New York,2
6594,FIM,2
6595,FIM,2
6597,FIM,2
6599,FIM,2
6600,FIM,2
6601,New York,2
6604,Mexico,2
6605,Mexico,2
6606,Mexico,2
6608,Mexico,2
6610,FIM,2
6611,FIM,2
6612,California,2
6613,Wisconsin,2
6615,FIM,2
6616,FIM,2
6618,FIM,2
6619,California,2
6620,NE,2
6621,New York,2
6622,Canada,2
6624,Wisconsin,2
6626,South Carolina,2
6627,FIM,2
6628,Minnesota,2
6630,Iowa,2
6631,FIM,2
6632,ONT,2
6633,FIM,2
6635,FIM,2
6636,New York,2
6637,FIM,2
6638,FIM,2
6639,NC,2
6640,Arkansas,2
6642,FIM,2
6643,Wisconsin,2
6644,California,2
6645,Texas,2
6646,Texas,2
6647,Mexico,2
6648,New York,2
6649,FIM,2
6650,California,2
6651,Illinois,2
6652,Mexico,2
6653,Australia,2
6654,Tennessee,2
6655,Texas,2
6656,Arizona,2
6657,California,2
6658,California,2
6659,California,2
6660,Missouri,2
6662,California,2
6664,Texas,2
6665,California,2
6666,Mexico,2
6667,MAR,2
6668,California,2
6670,Wisconsin,2
6671,Texas,2
6672,Texas,2
6674,Arizona,2
6676,Mexico,2
6677,Mississippi,2
6679,Canada,2
6680,Idaho,2
6682,New Mexico,2
6683,Arizona,2
6684,Texas,2
6685,Florida,2
6686,Florida,2
6688,California,2
6690,NE,2
6691,NE,2
6692,California,2
6693,South Carolina,2
6694,Mexico,2
6695,California,2
6696,PNW,2
6697,Turkey,2
6699,California,2
6700,Canada,2
6701,Canada,2
6702,Mexico,2
6704,Hawaii,2
6705,PCH,2
6706,China,2
6707,Minnesota,2
6708,Mexico,2
6709,Minnesota,2
6711,California,2
6712,PCH,2
6714,PCH,2
6715,PCH,2
6716,PCH,2
6717,Utah,2
6718,California,2
6720,Minnesota,2
6721,IN,2
6722,Florida,2
6723,NE,2
6725,ONT,2
6727,Texas,2
6729,NC,2
6730,Oklahoma,2
6731,NE,2
6732,Wisconsin,2
6736,ISR,2
6738,ISR,2
6739,ISR,2
6740,ISR,2
6741,ISR,2
6742,FIM,2
6743,Florida,2
6744,Missouri,2
6746,New York,2
6748,Arizona,2
6749,Minnesota,2
6750,PCH,2
6751,Texas,2
6753,FIM,2
6754,Texas,2
6755,California,2
6758,Minnesota,2
6762,NE,2
6763,NE,2
6764,California,2
6765,Ohio,2
6766,China,2
6768,Texas,2
6771,China,2
6800,Texas,1
6801,China,1
6802,CHS,1
6803,China,1
6804,California,1
6805,Nebraska,1
6806,New York,1
6807,Wisconsin,1
6808,MAR,1
6809,Oklahoma,1
6810,Louisiana,1
6811,NE,1
6812,NE,1
6813,India,1
6814,California,1
6817,Missouri,1
6818,China,1
6819,Sweden,1
6820,Mexico,1
6821,California,1
6822,California,1
6823,Wisconsin,1
6824,Nevada,1
6825,Nevada,1
6826,Nevada,1
6827,China,1
6829,PCH,1
6830,Texas,1
6831,PNW,1
6832,Mexico,1
6833,Arizona,1
6834,Ohio,1
6836,Australia,1
6837,Mexico,1
6838,Turkey,1
6840,Arkansas,1
6841,Canada,1
6842,PCH,1
6843,Missouri,1
6844,Utah,1
6845,PNW,1
6846,Tennessee,1
6847,Canada,1
6850,Florida,1
6851,Canada,1
6852,FIM,1
6854,ONT,1
6855,Arkansas,1
6856,ONT,1
6858,Kentucky,1
6859,ONT,1
6860,MAR,1
6861,FIM,1
6862,FIM,1
6863,CHS,1
6864,ONT,1
6865,ONT,1
6866,ONT,1
6867,ONT,1
6868,New York,1
6869,Canada,1
6870,New York,1
6871,Arizona,1
6872,Canada,1
6873,New York,1
6874,Turkey,1
6875,ONT,1
6877,FIM,1
6878,ONT,1
6880,New York,1
6881,ONT,1
6882,CHS,1
6883,California,1
6884,California,1
6885,California,1
6886,Missouri,1
6887,PCH,1
6888,NC,1
6889,Iowa,1
6891,Oklahoma,1
6892,New York,1
6893,CHS,1
6894,NC,1
6895,NE,1
6896,Mexico,1
6897,MAR,1
6898,Texas,1
6899,NC,1
6900,Oklahoma,1
6901,Texas,1
6902,Brazil,1
6904,California,1
6905,PCH,1
6906,Illinois,1
6907,China,1
6908,NC,6
6909,Japan,1
6910,PCH,1
6911,New York,1
6912,Minnesota,1
6913,Wisconsin,1
6914,FIM,1
6915,California,1
6916,Ohio,1
6917,ONT,1
6918,California,1
6919,PCH,1
6920,Netherlands,1
6921,MAR,1
6922,Arizona,1
6923,Louisiana,1
6925,PCH,1
6926,California,1
6927,Ohio,1
6928,Tennessee,1
6929,Canada,1
6931,Arizona,1
6932,NC,1
6933,NE,1
6934,California,1
6935,Texas,1
6936,Ohio,1
6937,Tennessee,1
6938,California,1
6940,China,1
6941,China,1
6943,MAR,1
6944,PCH,1
6945,MAR,1
6946,China,1
6947,Chinese Taipei,1
6948,Turkey,1
6949,China,1
6950,Iowa,1
6951,Texas,1
6952,China,1
6953,Canada,1
6954,FIM,1
6955,Chile,1
6956,IN,1
6957,Nevada,1
6958,FIM,1
6959,PNW,1
6960,California,1
6961,South Carolina,1
6962,California,1
6963,FIM,1
6964,Ohio,1
6965,Mexico,1
6967,China,1
6968,Netherlands,1
6969,New York,1
6970,China,1
6971,China,1
6974,New Mexico,1
6975,ONT,1
6976,Missouri,1
6977,ONT,1
6978,ONT,1
6979,Canada,1
6981,California,1
6982,Paraguay,1
6983,Mexico,1
6985,Turkey,1
6986,China,1
6987,ONT,1
6988,Turkey,1
6989,Turkey,1
6990,China,1
6991,China,1
6992,ONT,1
6993,Texas,1
6995,California,1
6996,Australia,1
6997,China,1
6998,Chinese Taipei,1
6999,Turkey,1
7000,China,1
7001,China,1
7002,China,1
7004,New York,7
7006,China,1
7009,China,1
7010,Turkey,1
7013,ONT,1
7016,New York,1
7017,Arizona,1
7018,Mexico,1
7019,Minnesota,1
7020,FIM,1
7021,Wisconsin,1
7022,ONT,1
7023,Australia,1
7024,MAR,1
7025,California,1
7026,Florida,1
7027,New York,1
7028,Minnesota,1
7029,NC,1
7030,New York,1
7031,New York,1
7032,PNW,1
7033,Brazil,1
7034,PNW,1
7035,Turkey,1
7036,New York,1
7037,Mexico,1
7038,Minnesota,1
7039,ISR,1
7040,Mexico,1
7041,Minnesota,1
7042,California,1
7043,Ohio,1
7045,MAR,1
7046,Mexico,1
7047,China,1
7048,North Dakota,1
7050,Turkey,1
7051,California,1
7052,ONT,1
7053,Canada,1
7054,FIM,1
7055,Ohio,1
7056,FIM,1
7057,California,1
7058,ONT,1
7059,Arizona,1
7060,PCH,1
7063,Texas,1
7064,Kansas,1
7065,Alabama,1
7066,Arkansas,1
7067,ISR,1
7068,Minnesota,1
7069,Chinese Taipei,1
7070,Turkey,1
7071,Turkey,1
7072,Alabama,1
7073,FIM,1
7074,Australia,1
7075,Arkansas,1
7076,PCH,1
7077,Nevada,1
7078,China,1
7079,ISR,1
7080,China,1
7081,China,1
7083,ISR,1
7084,FIM,1
7085,South Carolina,1
7086,Turkey,1
7088,Texas,1
7091,Texas,1
7093,Texas,1
7094,Mississippi,1
7095,China,1
7096,California,1
7097,South Carolina,1
7101,FIM,1
7102,Mexico,1
7103,Wisconsin,1
7104,PCH,1
7106,Arkansas,1
7107,Florida,1
7108,Turkey,1
7109,FIM,1
7110,MAR,1
7111,Alabama,1
7112,ISR,1
7113,Australia,1
7115,Texas,1
7116,Canada,1
7117,Missouri,1
7118,PNW,1
7119,Texas,1
7120,Texas,1
7121,Texas,1
7122,Iowa,1
7123,Arkansas,1
7124,Australia,1
7125,Texas,1
7126,NE,1
7127,NE,1
7128,Australia,1
7129,Australia,1
7130,Chinese Taipei,1
7133,NE,1
7134,Turkey,1
7135,Canada,1
7136,ONT,1
7137,California,1
7138,Texas,1
7140,Turkey,1
7141,Iowa,1
7142,Iowa,1
7143,FIM,1
7144,FIM,1
7145,FIM,1
7146,China,1
7147,FIM,1
7148,China,1
7149,China,1
7150,FIM,1
7151,Utah,1
7152,Florida,1
7153,NE,1
7154,FIM,1
7155,FIM,1
7156,FIM,1
7157,California,1
7158,Canada,1
7159,Canada,1
7160,FIM,1
7161,Mexico,1
7162,Canada,1
7163,Australia,1
7164,NE,1
7165,Ohio,1
7166,FIM,1
7167,Canada,1
7168,FIM,1
7169,Canada,1
7170,Canada,1
7171,FIM,1
7172,FIM,1
7173,Canada,1
7174,FIM,1
7175,FIM,1
7176,ONT,1
7177,ISR,1
7178,FIM,1
7179,Texas,1
7180,Minnesota,1
7181,Alabama,1
7182,Alabama,1
7183,Nevada,1
7184,China,1
7185,California,1
7187,FIM,1
7188,FIM,1
7189,Canada,1
7190,Canada,1
7191,FIM,1
7192,FIM,1
7193,Florida,1
7194,Florida,1
7195,FIM,1
7196,FIM,1
7197,FIM,1
7198,IN,1
7199,Canada,1
7200,ONT,1
7201,Croatia,1
7202,FIM,1
7203,FIM,1
7204,PNW,1
7205,Canada,1
7206,FIM,1
7208,FIM,1
7209,FIM,1
7210,FIM,1
7211,FIM,1
7212,NE,1
7213,FIM,1
7214,Arizona,1
7215,Florida,1
7216,Florida,1
7217,Mexico,1
7218,FIM,1
7219,FIM,1
7220,FIM,1
7221,FIM,1
7222,FIM,1
7223,FIM,1
7224,FIM,1
7225,FIM,1
7226,FIM,1
7227,Turkey,1
7228,Turkey,1
7229,California,1
7230,California,1
7231,Dominican Republic,1
7232,FIM,1
7234,FIM,1
7235,Minnesota,1
7237,Illinois,1
7238,China,1
7239,Norway,1
7240,NE,1
7242,China,1
7243,Colorado,1
7244,FIM,1
7245,California,1
7246,Canada,1
7247,FIM,1
7248,FIM,1
7249,California,1
7250,FIM,1
7251,New York,1
7254,FIM,1
7255,Missouri,1
7256,FIM,1
7257,Minnesota,1
7258,Minnesota,1
7259,NE,1
7260,Arkansas,1
7262,Canada,1
7263,Arkansas,1
7264,Texas,1
7265,NC,1
7266,NE,1
7267,ONT,1
7268,New York,1
7269,NE,1
7270,NC,1
7271,New Mexico,1
7272,New York,1
7273,Minnesota,1
7274,Pennsylvania,1
7275,Louisiana,1
7277,Canada,1
7278,Australia,1
7279,China,1
7280,China,1
7281,China,1
7282,China,1
7283,China,1
7284,China,1
7286,ISR,1
7287,Canada,1
7288,Louisiana,1
7289,FIM,1
7290,Turkey,1
7291,Turkey,1
7292,Turkey,1
7293,Turkey,1
7294,Turkey,1
7295,Turkey,1
7296,Turkey,1
7297,Turkey,1
7298,Turkey,1
7299,Mexico,1
7301,Idaho,1
7302,ISR,1
7303,Texas,1
7305,NC,1
7306,NE,1
7308,California,1
7309,Iowa,1
7311,Minnesota,1
7312,Texas,1
7313,Tennessee,1
7314,NE,1
7315,PCH,1
7316,Louisiana,1
7317,California,1
7318,New York,1
7319,Texas,1
7321,Texas,1
7322,California,1
7323,California,1
7324,California,1
7325,Mississippi,1
7326,California,1
7327,California,1
7329,ONT,1
7330,CHS,1
7331,Louisiana,1
